frame,X,Y,Z
0,44.5350,83.3409,70.4117
1,44.5170,83.1942,70.3867
2,44.8208,83.0505,70.3118
3,44.9359,83.1752,70.3354
4,45.0646,83.3959,70.3812
5,45.1844,83.4029,70.4611
6,45.3803,83.3484,70.6088
7,45.5446,83.0638,70.6395
8,45.7324,82.5589,70.6306
9,45.8851,82.3736,70.6136
10,46.0951,84.6943,61.6527
11,46.3097,85.7911,56.2466
12,46.4844,86.2780,52.9256
13,46.6768,86.3995,50.8566
14,46.8554,86.4373,49.6080
15,47.2325,86.5448,48.8450
16,47.5614,86.6831,48.4060
17,47.7785,86.7051,48.2429
18,47.8482,86.6980,48.0632
19,47.8707,86.6214,47.9382
20,47.9261,86.4871,47.9193
21,48.0821,86.5166,47.9357
22,48.1140,86.4973,47.9358
23,48.1928,86.5865,47.9985
24,48.2408,86.6039,48.0276
25,48.3148,86.4792,47.9763
26,48.4220,86.3164,48.0020
27,48.6315,86.2126,48.0564
28,48.8398,86.1877,48.0991
29,48.9885,86.0288,48.0915
30,49.0338,86.0855,48.0837
31,49.0817,86.1198,48.0794
32,49.1344,85.9520,48.0712
33,49.2529,85.7168,47.9983
34,49.4749,85.3256,47.8986
35,49.7783,84.9131,47.8000
36,50.2121,84.6949,47.6376
37,50.5378,84.4206,47.5078
38,50.7162,84.0310,47.4151
39,50.8025,83.7524,47.3867
40,50.8529,83.6573,47.3865
41,50.8809,83.7085,47.4116
42,50.9587,83.8123,47.4448
43,51.0269,83.8389,47.4566
44,51.1296,83.8918,47.4734
45,51.2118,84.0129,47.4286
46,51.2193,84.1294,47.3732
47,51.1641,84.0985,47.2774
48,51.1060,84.3934,47.1787
49,51.0221,84.9303,47.2026
50,51.0513,85.4786,47.2331
51,51.0870,85.8632,47.3407
52,51.1471,86.2388,47.4397
53,51.1209,86.6051,47.3789
54,51.1252,86.8612,47.3512
55,51.0474,86.8694,47.2993
56,50.9978,87.0185,47.3018
57,50.9425,87.4130,47.2980
58,51.0500,87.9044,47.3575
59,51.2635,88.1547,47.2711
60,51.5532,88.5155,47.3091
61,51.7270,88.7319,47.3319
62,51.8313,88.8618,47.3455
63,51.7063,88.9812,47.3224
64,51.4603,89.2666,47.3556
65,51.1199,89.7319,47.4031
66,50.9326,90.2806,47.4187
67,50.9035,90.6112,47.4297
68,51.0286,90.8587,47.5642
69,51.0620,91.1928,47.4974
70,51.0374,91.5370,47.4901
71,50.9803,91.7788,47.4934
72,50.7993,92.0022,47.4732
73,50.5844,92.2428,47.4842
74,50.6212,92.4703,47.4749
75,50.7457,92.7695,47.4329
76,50.8813,93.0222,47.4257
77,50.9605,93.2820,47.4466
78,51.0077,93.5268,47.4039
79,50.9506,93.7806,47.4018
80,50.8722,94.0848,47.3973
81,50.7626,94.3109,47.3657
82,50.9007,94.6662,47.4014
83,51.2123,94.9719,47.3720
84,51.3542,95.2906,47.4232
85,51.3143,95.4798,47.4515
86,51.2222,95.8363,47.5621
87,51.2261,96.2845,47.6081
88,51.2866,96.7707,47.6874
89,51.1762,97.1407,47.7128
90,51.0042,97.4777,47.7151
91,50.9583,97.9333,47.7766
92,50.8416,98.4938,47.8792
93,50.5407,98.9876,47.8977
94,50.3810,99.2842,47.9092
95,50.3863,99.6526,47.9241
96,50.5521,99.9591,48.0698
97,50.6136,99.9621,48.1143
98,50.6116,99.8634,48.0789
99,50.6719,99.7439,48.1587
100,50.7862,99.9260,48.2671
101,50.7665,100.2418,48.4170
102,50.7532,100.5035,48.5238
103,50.8479,100.7342,48.6067
104,51.0275,100.9828,48.6842
105,51.0927,101.2119,48.7106
106,51.1512,101.4217,48.7436
107,51.1213,101.5575,48.8788
108,50.9987,101.6289,48.9940
109,50.8031,101.5255,49.0269
110,50.6455,101.3907,49.0291
111,50.5123,101.1649,48.9959
112,50.4568,100.8494,48.9343
113,50.2398,100.4769,48.8516
114,50.0510,100.1695,48.6674
115,49.8351,99.9112,48.5379
116,49.6182,99.8824,48.5644
117,49.3003,99.7648,48.6679
118,49.2129,99.7319,48.7405
119,49.1224,99.5757,48.7135
120,49.0751,99.2103,48.5579
121,48.9678,98.7734,48.4125
122,48.8205,98.4209,48.3789
123,48.6094,98.0548,48.3586
124,48.5446,97.8722,48.3561
125,48.5444,97.9076,48.3891
126,48.4590,97.9467,48.4878
127,48.4897,98.0436,48.5655
128,48.4456,98.1008,48.6108
129,48.4419,97.9298,48.7046
130,48.4262,97.4663,48.6763
131,48.2944,97.1309,48.5680
132,48.0037,97.0178,48.5962
133,47.8271,97.0581,48.6383
134,47.6169,97.1251,48.6339
135,47.4969,96.9742,48.4726
136,47.3678,96.5413,48.3710
137,47.2502,96.2087,48.2924
138,46.9953,95.8175,48.2356
139,46.8691,95.2946,48.1346
140,46.6686,95.0763,47.9802
141,46.5660,94.9925,48.0130
142,46.4657,94.7973,47.9981
143,46.3281,94.3904,47.9203
144,46.1220,94.0722,47.8544
145,46.0199,93.8455,47.8068
146,45.9596,93.6289,47.7975
147,46.0426,93.7450,47.8893
148,46.0717,93.7698,47.9716
149,46.0474,93.8285,47.9925
150,45.9686,93.8375,48.1120
151,45.9250,93.6626,48.1417
152,45.8378,93.4845,48.1414
153,45.6797,93.4927,48.1284
154,45.6072,93.4257,48.1041
155,45.4604,93.3034,48.1068
156,45.2301,93.0919,48.0358
157,44.9907,92.8191,47.9575
158,44.7265,92.4371,47.8575
159,44.4445,92.1337,47.7783
160,44.2395,91.6626,47.6626
161,43.9347,91.1774,47.4670
162,43.6010,91.0920,47.4332
163,43.2176,90.8659,47.3311
164,43.0472,90.8310,47.3324
165,42.8041,90.6443,47.2161
166,42.7601,90.6421,47.1736
167,42.6690,90.7480,47.1721
168,42.5730,90.7219,47.2256
169,42.4968,90.5977,47.2322
170,42.4476,90.6590,47.3058
171,42.4582,90.7686,47.3676
172,42.5258,90.8630,47.4504
173,42.6695,91.0018,47.4828
174,42.7715,91.3378,47.5616
175,42.8334,91.5034,47.6005
176,42.8488,91.6829,47.6041
177,42.8157,91.8261,47.6139
178,42.9021,91.8054,47.5966
179,42.9957,91.7937,47.5871
180,43.0123,91.6778,47.5553
181,43.0067,91.3555,47.4769
182,42.9843,91.1426,47.3490
183,42.8253,90.9680,47.2970
184,42.7730,90.7918,47.2498
185,42.5986,90.5841,47.1573
186,42.5075,90.8204,47.1863
187,42.4520,90.9982,47.2121
188,42.3959,91.1683,47.2800
189,42.3615,91.3064,47.3292
190,42.4673,91.3191,47.3444
191,42.5711,91.3550,47.3988
192,42.6339,91.3850,47.3954
193,42.6739,91.2948,47.3681
194,42.6950,91.3404,47.4130
195,42.6862,91.4035,47.4480
196,42.7218,91.4781,47.4782
197,42.7186,91.7029,47.5379
198,42.6945,91.9095,47.5902
199,42.7647,91.9627,47.6064
200,42.8277,91.9949,47.6165
201,42.8454,91.9779,47.6137
202,43.1118,91.6831,47.5498
203,43.2522,91.4782,47.4665
204,43.2538,91.3179,47.4065
205,43.2153,91.1129,47.3444
206,42.9401,91.0942,47.3275
207,42.7332,91.1267,47.2888
208,42.5711,90.9653,47.2227
209,42.4509,90.9318,47.2356
210,42.3795,90.8757,47.2348
211,42.3999,90.8069,47.2272
212,42.3855,91.0538,47.2895
213,42.3755,91.2296,47.3714
214,42.4751,91.2646,47.4058
215,42.5332,91.4022,47.4155
216,42.5883,91.4767,47.4579
217,42.6854,91.4502,47.4677
218,42.7860,91.3989,47.4660
219,42.8452,91.3513,47.5371
220,42.8800,91.3588,47.5882
221,42.8146,91.5063,47.6508
222,42.8172,91.5509,47.7169
223,42.8632,91.4786,47.6961
224,42.8054,91.4976,47.7348
225,42.7505,91.5170,47.7216
226,42.7398,91.4569,47.6972
227,42.7128,91.3761,47.7098
228,42.6744,91.3549,47.7615
229,42.6342,91.1615,47.7500
230,42.4838,91.0711,47.7851
231,42.4165,90.9536,47.7537
232,42.5214,90.8324,47.8015
233,42.6269,90.6798,47.8502
234,42.9582,90.6923,47.9461
235,43.1983,90.7894,47.9492
236,43.4026,90.9568,47.9775
237,43.6061,91.0694,48.1127
238,43.7928,91.0298,48.1698
239,43.8630,91.0498,48.1757
240,43.9062,90.9368,48.2260
241,44.0184,90.7260,48.2243
242,44.1908,90.4762,48.2722
243,44.3807,90.3252,48.1499
244,44.5351,90.2185,48.1495
245,44.7097,90.1833,48.1954
246,44.9207,90.1002,48.1721
247,45.2163,90.0422,48.0449
248,45.3699,90.0094,48.1208
249,45.3618,89.7188,48.1775
250,45.3183,89.3995,48.1771
251,45.3376,89.1702,48.0166
252,45.4737,88.9817,47.9865
253,45.8685,88.8374,47.9662
254,46.0409,88.8135,48.0057
255,46.0820,88.7538,48.0558
256,46.1062,88.6650,48.1495
257,46.2040,88.6131,48.2075
258,46.3875,88.6283,48.2170
259,46.5818,88.5583,48.2437
260,46.7428,88.4171,48.1992
261,47.0061,88.3351,48.1758
262,47.3284,88.3966,48.1903
263,47.6239,88.4989,48.2540
264,47.8458,88.4167,48.2593
265,48.1090,88.1169,48.2062
266,48.2054,87.8555,48.1923
267,48.3293,87.5193,48.1432
268,48.4921,87.0665,48.0565
269,48.7155,86.7607,47.9985
270,48.8050,86.7208,47.9966
271,48.8969,86.7889,48.0936
272,49.0174,86.7309,48.0917
273,49.0496,86.5789,48.1006
274,49.1351,86.3083,48.0652
275,49.2920,86.0755,48.0291
276,49.4703,85.8566,48.0284
277,49.5594,85.5807,47.9939
278,49.6315,85.5236,47.9989
279,49.6725,85.5976,48.0271
280,49.7561,85.7788,48.1149
281,49.7641,85.8784,48.2029
282,49.7924,85.8388,48.1948
283,49.8329,85.7600,48.1014
284,49.9418,85.6864,48.0025
285,50.0745,85.4798,47.8303
286,50.3029,85.1694,47.7238
287,50.5665,84.9130,47.6456
288,50.8937,84.7510,47.4854
289,51.1547,84.5465,47.3653
290,51.4170,84.3089,47.3061
291,51.5571,84.0302,47.2005
292,51.5827,83.7790,47.0025
293,51.6223,83.4929,46.8144
294,51.5785,83.5726,46.7592
295,51.4619,83.8908,46.8638
296,51.3856,84.5036,46.9109
297,51.2946,85.0065,47.0080
298,51.2356,85.5246,47.1167
299,51.1960,86.0074,47.2600
300,51.1927,86.3864,47.2911
301,51.1930,86.5055,47.2846
302,51.1283,86.7287,47.2770
303,50.9572,87.2213,47.3540
304,50.8672,87.9139,47.4932
305,50.7901,88.4817,47.5738
306,50.8867,88.9690,47.6587
307,50.9645,89.3422,47.6908
308,50.8847,89.6808,47.6968
309,50.8195,89.7478,47.6303
310,50.8257,89.6084,47.5491
311,50.7458,89.6123,47.4435
312,50.6760,89.7394,47.3328
313,50.7569,89.9258,47.2941
314,51.0544,90.1222,47.2566
315,51.3770,90.2170,47.3451
316,51.5498,90.4154,47.2788
317,51.5484,90.6579,47.1901
318,51.4831,90.8216,47.2161
319,51.4189,91.0914,47.3095
320,51.2944,91.4936,47.3061
321,51.2569,91.9519,47.3553
322,51.2726,92.3634,47.4554
323,51.2350,92.9066,47.5458
324,51.1270,93.3393,47.6236
325,50.8919,93.7767,47.7091
326,50.6674,94.0823,47.7310
327,50.5755,94.2831,47.6729
328,50.5357,94.7454,47.6420
329,50.5506,95.1676,47.6579
330,50.7447,95.5321,47.6964
331,50.8401,95.8394,47.6638
332,50.8335,96.0505,47.6875
333,50.7668,96.2651,47.6451
334,50.7240,96.4936,47.6810
335,50.7440,96.5040,47.5976
336,50.8606,96.5648,47.4859
337,50.9909,96.7104,47.4453
338,51.1708,96.9521,47.4206
339,51.2336,97.2323,47.4747
340,51.2045,97.5713,47.5840
341,51.1866,97.9082,47.5666
342,51.1298,98.3260,47.6058
343,51.0089,98.7112,47.6974
344,50.9938,99.1513,47.8401
345,51.0225,99.4989,48.0599
346,50.8899,99.9744,48.1757
347,50.6830,100.2686,48.3593
348,50.5330,100.6527,48.5555
349,50.5018,101.0645,48.7165
350,50.5247,101.3122,48.8140
351,50.5591,101.5057,48.8452
352,50.5979,101.7218,48.9256
353,50.6406,101.8795,49.0188
354,50.6659,102.0631,49.0194
355,50.6819,102.1371,49.0113
356,50.7370,101.9130,49.0206
357,50.7741,101.5092,49.0394
358,50.6967,101.0489,48.9982
359,50.5697,100.6716,48.9105
360,50.4943,100.3648,48.8771
361,50.3905,99.9548,48.8415
362,50.2865,99.7082,48.8192
363,50.1002,99.6196,48.7037
364,49.8819,99.7175,48.6298
365,49.6669,99.6246,48.7389
366,49.4783,99.4681,48.7419
367,49.2625,99.2560,48.7524
368,49.0540,98.9555,48.6790
369,48.8490,98.4962,48.6826
370,48.7504,98.0851,48.6155
371,48.7138,97.8641,48.4674
372,48.6872,97.9923,48.4014
373,48.4614,97.9962,48.4935
374,48.2449,97.8891,48.5219
375,48.1140,97.9053,48.5197
376,48.0342,97.9427,48.5628
377,48.0318,97.7410,48.5751
378,48.0187,97.0979,48.5365
379,47.9924,96.7010,48.3963
380,48.0619,96.4449,48.2333
381,48.0399,96.2734,48.2064
382,47.9022,96.0351,48.2708
383,47.7403,95.8079,48.1743
384,47.6403,95.7713,48.1777
385,47.4736,95.8030,48.2666
386,47.4175,95.6700,48.3232
387,47.3242,95.4895,48.2947
388,47.1635,95.3711,48.3115
389,46.9672,95.1265,48.2415
390,46.6445,94.6988,48.2446
391,46.2437,94.5003,48.1426
392,45.9805,94.4000,48.1615
393,45.8249,94.1872,48.1753
394,45.7925,94.1326,48.2016
395,45.8203,93.9010,48.0957
396,45.7546,93.6801,48.0497
397,45.5902,93.5457,48.0196
398,45.3710,93.2466,47.9486
399,45.0980,92.8930,47.8251
400,44.7662,92.7059,47.7921
401,44.6300,92.5056,47.8288
402,44.7169,92.3244,47.8013
403,44.8092,92.2884,47.8024
404,44.9689,92.2240,47.8328
405,45.0453,92.1129,47.8339
406,44.8392,92.1060,47.8824
407,44.5510,92.0355,47.8553
408,44.2129,91.9185,47.8190
409,43.7820,91.7197,47.8395
410,43.6675,91.7637,47.8162
411,43.5386,91.6365,47.8034
412,43.4395,91.6849,47.7485
413,43.3418,91.5775,47.6449
414,43.1391,91.3941,47.5908
415,42.8099,91.2447,47.5457
416,42.5542,90.9822,47.4394
417,42.4065,90.5807,47.2806
418,42.3387,90.3401,47.1858
419,42.4023,90.1529,47.1586
420,42.5005,90.1943,47.1411
421,42.5149,90.3627,47.1634
422,42.5639,90.4920,47.2221
423,42.6557,90.5706,47.2586
424,42.6469,90.6889,47.2960
425,42.5583,90.7585,47.3168
426,42.6080,90.8296,47.3759
427,42.7203,90.9096,47.4213
428,42.8716,90.9674,47.4142
429,42.9788,91.2187,47.4608
430,42.9758,91.5320,47.6017
431,43.0380,91.6489,47.6706
432,43.1196,91.6643,47.6239
433,43.0428,91.7077,47.6018
434,42.9152,91.5713,47.6253
435,42.7787,91.4777,47.5217
436,42.6343,91.4206,47.4582
437,42.5720,91.2508,47.3508
438,42.5534,91.2130,47.3397
439,42.5199,91.2620,47.3494
440,42.5242,91.1560,47.2860
441,42.4680,90.9111,47.2046
442,42.5363,90.8295,47.2108
443,42.5780,90.7444,47.2061
444,42.5579,90.8286,47.2721
445,42.5652,90.9515,47.3289
446,42.6543,90.9545,47.3479
447,42.7454,91.0843,47.4658
448,42.7546,91.3419,47.5778
449,42.8428,91.5338,47.6551
450,42.9818,91.5505,47.6418
451,43.0630,91.6687,47.6591
452,43.0721,91.6753,47.6157
453,43.0123,91.7780,47.6497
454,42.8922,91.9188,47.6493
455,42.8870,91.7880,47.5998
456,42.8889,91.5015,47.4836
457,42.7832,91.4277,47.4731
458,42.8461,91.3133,47.4524
459,42.8242,91.1439,47.3775
460,42.7902,91.0420,47.3321
461,42.7704,90.9892,47.2689
462,42.6529,91.0280,47.2456
463,42.3966,90.9318,47.2388
464,42.3291,90.7311,47.2028
465,42.3282,90.6750,47.2348
466,42.4913,90.7883,47.2910
467,42.6072,90.9563,47.3864
468,42.6539,91.1205,47.4961
469,42.7639,91.2480,47.6081
470,42.8910,91.3531,47.7210
471,42.8998,91.6231,47.8740
472,42.8620,91.8566,47.9818
473,42.8616,91.9249,48.0300
474,42.9052,91.8583,48.0346
475,42.9307,91.8545,48.0457
476,42.9494,91.7163,47.9827
477,42.8541,91.6426,48.0595
478,42.7991,91.4902,48.0803
479,42.9562,91.3464,48.0075
480,43.1173,91.0447,47.9147
481,43.3400,90.7407,47.9083
482,43.5761,90.6765,47.8958
483,43.7192,90.5658,47.8714
484,43.7441,90.4263,47.8387
485,43.8217,90.2991,47.8480
486,43.8236,90.3664,47.8864
487,43.8886,90.3801,47.8662
488,44.0967,90.1938,47.8874
489,44.3059,89.9583,47.9488
490,44.5351,89.7658,48.0513
491,44.8193,89.7583,47.9883
492,45.0297,89.7292,48.0595
493,45.2605,89.7663,48.0406
494,45.3739,89.9602,48.1070
495,45.4136,90.2949,48.3495
496,45.4605,90.3879,48.4701
497,45.5992,90.1652,48.4413
498,45.8547,89.8347,48.3047
499,46.0295,89.6007,48.2148
500,46.2199,89.3534,48.1372
501,46.3558,89.1248,48.1103
502,46.4180,88.9152,48.0770
503,46.4339,88.7806,48.0926
504,46.4212,88.7717,48.1184
505,46.5414,88.6241,48.1027
506,46.9110,88.2516,48.0318
507,47.1988,87.8933,47.9208
508,47.2867,87.7491,47.8694
509,47.3777,87.7546,47.9367
510,47.4706,87.8499,48.0753
511,47.5888,87.9080,48.1597
512,47.8282,87.9263,48.1331
513,48.1165,87.9228,48.1921
514,48.3953,87.8057,48.2405
515,48.6064,87.6279,48.2451
516,48.7337,87.4851,48.2394
517,48.7470,87.4345,48.2432
518,48.7135,87.3146,48.2999
519,48.6530,87.2588,48.2610
520,48.6605,87.1178,48.2133
521,48.8125,86.9189,48.1984
522,49.0515,86.7381,48.1394
523,49.2372,86.5943,48.0965
524,49.3546,86.2194,48.0035
525,49.4460,85.9504,47.9757
526,49.5203,85.8169,48.0039
527,49.6726,85.6027,47.9532
528,49.8087,85.2860,47.9177
529,49.9571,84.9251,47.8195
530,50.1073,84.7372,47.8062
531,50.1990,84.6942,47.6625
532,50.1923,84.6314,47.5666
533,50.2507,84.5947,47.5103
534,50.3663,84.6737,47.5394
535,50.5809,84.7150,47.5959
536,50.7762,84.6134,47.5252
537,51.0628,84.4552,47.4248
538,51.2749,84.4331,47.3822
539,51.4453,84.3484,47.3407
540,51.4876,84.2858,47.1979
541,51.4459,84.5081,47.1339
542,51.3531,84.9374,47.1254
543,51.3310,85.5923,47.2136
544,51.2969,85.9850,47.2661
545,51.2569,86.1926,47.2528
546,51.1912,86.3610,47.2163
547,51.1488,86.6063,47.2280
548,51.1870,86.7713,47.1641
549,51.2080,86.8895,47.2064
550,51.1578,87.0484,47.1752
551,51.1406,87.4963,47.2770
552,51.2297,88.0720,47.3353
553,51.3652,88.4463,47.4164
554,51.3423,88.6693,47.4630
555,51.1614,88.9784,47.3771
556,50.9643,89.4150,47.3827
557,50.8642,89.7771,47.4478
558,50.7588,90.1740,47.5281
559,50.6100,90.5190,47.5998
560,50.7064,90.8900,47.6081
561,50.9697,91.2157,47.6784
562,51.2519,91.4491,47.7316
563,51.2963,91.5872,47.7610
564,51.3052,91.6673,47.6255
565,51.3321,91.6797,47.5363
566,51.3834,91.9678,47.5869
567,51.2901,92.2446,47.4873
568,51.2334,92.4467,47.4360
569,51.2166,92.7041,47.4753
570,51.2208,93.1834,47.5750
571,51.1177,93.5415,47.6496
572,50.9522,93.8076,47.6285
573,50.8995,93.7600,47.5302
574,50.9683,93.9134,47.5153
575,51.0438,94.4112,47.5637
576,51.1262,94.9714,47.6163
577,51.2172,95.3081,47.6487
578,51.2085,95.5897,47.6476
579,51.1367,95.8851,47.7515
580,50.9613,96.4210,47.8955
581,50.7515,96.8744,47.8968
582,50.5858,97.1265,47.8163
583,50.6092,97.3880,47.7956
584,50.7014,97.7986,47.8438
585,50.7774,98.0897,47.8454
586,50.8869,98.1933,47.8308
587,50.9713,98.3640,47.8477
588,51.1028,98.6203,47.8571
589,51.1822,98.8271,47.7990
590,51.1660,98.9778,47.8073
591,51.1323,99.1147,47.9370
592,51.0437,99.4844,48.0808
593,50.9026,99.9657,48.1882
594,50.7732,100.3008,48.3768
595,50.7349,100.6106,48.5161
596,50.8557,100.8625,48.6554
597,50.9489,101.0585,48.7117
598,50.9587,101.3918,48.7951
599,50.9416,101.6996,48.8700
600,50.9508,101.9123,48.9598
601,50.9757,102.1123,49.0309
602,50.9701,102.1431,49.1285
603,50.8664,101.9351,49.1706
604,50.6205,101.6270,49.1501
605,50.2690,101.2226,49.0832
606,50.0621,100.7106,49.0563
607,49.9165,100.4391,49.0482
608,49.8714,100.2409,49.0357
609,49.8249,100.0939,48.9834
610,49.8416,99.8622,48.9191
611,49.7711,99.6220,48.8177
612,49.7729,99.2815,48.7877
613,49.6312,98.9306,48.7332
614,49.4646,98.5576,48.7373
615,49.2661,98.1327,48.6151
616,49.1671,97.9141,48.5507
617,48.8987,97.8158,48.5162
618,48.7357,97.7760,48.5761
619,48.5948,97.8236,48.6281
620,48.3842,97.8333,48.7289
621,48.1739,97.8294,48.8237
622,48.0649,98.0078,48.9231
623,47.9374,97.9803,49.0645
624,47.8706,97.6369,48.9210
625,47.7505,97.1963,48.8549
626,47.6377,96.8508,48.8336
627,47.5745,96.5690,48.6514
628,47.5523,96.6526,48.6014
629,47.4763,96.5600,48.6891
630,47.4164,96.2240,48.6380
631,47.3008,95.8407,48.5637
632,47.1717,95.5101,48.4565
633,47.0748,95.0973,48.4940
634,46.8991,94.4871,48.4300
635,46.7940,94.1739,48.3278
636,46.7507,93.9694,48.3391
637,46.7418,94.0274,48.3883
638,46.6715,94.2583,48.3865
639,46.5045,94.3504,48.4106
640,46.2823,94.2595,48.3889
641,46.1279,94.1072,48.4669
642,45.9796,93.7877,48.3454
643,45.7299,93.3049,48.2019
644,45.5565,93.1146,48.1767
645,45.4560,92.8646,48.0918
646,45.3525,92.7861,48.0569
647,45.1835,92.8371,48.0952
648,45.0214,92.7056,48.1554
649,44.9264,92.5186,48.1663
650,44.7643,92.4852,48.1516
651,44.6736,92.1852,48.0394
652,44.5373,91.9317,47.9536
653,44.3112,91.7052,47.8824
654,43.9888,91.5302,47.8276
655,43.7530,91.4607,47.8023
656,43.5676,91.5265,47.8115
657,43.5425,91.4675,47.7574
658,43.4665,91.3590,47.7068
659,43.3548,91.4288,47.7450
660,43.2052,91.4333,47.7578
661,43.0329,91.3986,47.7554
662,42.8254,91.3761,47.7519
663,42.7024,91.2905,47.7330
664,42.5653,91.2743,47.7289
665,42.5447,91.3460,47.7084
666,42.6998,91.3112,47.7186
667,42.8130,91.3266,47.7336
668,42.7543,91.4505,47.7292
669,42.6355,91.4262,47.8163
670,42.5211,91.4831,47.8846
671,42.4336,91.4976,47.8446
672,42.4263,91.3267,47.7794
673,42.5053,91.2255,47.7419
674,42.6338,91.2742,47.7463
675,42.7524,91.3486,47.7221
676,42.8214,91.5015,47.7328
677,42.9037,91.6299,47.7485
678,42.9753,91.6351,47.7415
679,42.9157,91.5645,47.7184
680,42.8382,91.5215,47.7037
681,42.8170,91.2796,47.6449
682,42.7611,91.2060,47.6256
683,42.6845,91.2332,47.6300
684,42.6559,91.3413,47.7304
685,42.6366,91.5143,47.8158
686,42.6457,91.6629,47.8399
687,42.6727,91.7164,47.8463
688,42.6272,91.7114,47.8405
689,42.5777,91.7357,47.8811
690,42.6981,91.5807,47.8302
691,42.7509,91.4152,47.7825
692,42.7819,91.3520,47.7623
693,42.7170,91.3573,47.7208
694,42.6544,91.5043,47.7292
695,42.6390,91.5208,47.7178
696,42.6938,91.4595,47.6954
697,42.7252,91.4949,47.6987
698,42.6821,91.5235,47.6634
699,42.7607,91.4534,47.6996
700,42.7447,91.4464,47.7285
701,42.6935,91.3971,47.7727
702,42.6655,91.3122,47.7103
703,42.6442,91.4776,47.7232
704,42.5898,91.5762,47.7302
705,42.6206,91.5558,47.7549
706,42.6598,91.5439,47.7701
707,42.6847,91.5091,47.7347
708,42.7400,91.5165,47.7588
709,42.7307,91.5564,47.7809
710,42.7460,91.5807,47.7945
711,42.7983,91.5237,47.7867
712,42.7263,91.4519,47.7715
713,42.7035,91.3562,47.8266
714,42.6281,91.2617,47.8499
715,42.5799,91.3493,47.8976
716,42.5505,91.3489,47.9899
717,42.6169,91.3140,48.0385
718,42.6754,91.4015,48.0933
719,42.7332,91.4351,48.0461
720,42.8106,91.3309,48.0655
721,42.8147,91.3038,48.0847
722,42.8394,91.2158,48.0798
723,42.7892,91.1727,48.1923
724,42.7994,91.2197,48.2774
725,42.9748,91.1507,48.2705
726,43.2080,90.9671,48.2351
727,43.3895,90.8575,48.2148
728,43.5833,90.7210,48.1874
729,43.7627,90.6040,48.1638
730,43.9314,90.6069,48.1677
731,43.8462,90.4807,48.2132
732,43.7763,90.3409,48.1872
733,43.7552,90.2574,48.1721
734,43.8905,90.1014,48.1406
735,44.1611,89.8051,48.1916
736,44.3451,89.7335,48.0952
737,44.5187,89.6555,48.0302
738,44.7219,89.6764,48.1988
739,44.8847,89.7256,48.3092
740,44.9219,89.7350,48.2936
741,45.0908,89.6623,48.3064
742,45.2137,89.5830,48.3061
743,45.4762,89.5107,48.2652
744,45.7172,89.4242,48.2699
745,45.9049,89.3008,48.2568
746,46.1010,89.1836,48.2782
747,46.3228,89.1149,48.2931
748,46.5365,89.1303,48.3927
749,46.7726,88.9609,48.4124
750,47.0414,88.7530,48.4015
751,47.2227,88.6646,48.4038
752,47.2705,88.5385,48.3871
753,47.3209,88.3826,48.3967
754,47.2060,88.2952,48.3636
755,47.1788,88.1989,48.3722
756,47.3099,88.0269,48.3910
757,47.4741,87.8168,48.3788
758,47.6587,87.5922,48.3118
759,47.8743,87.4231,48.2653
760,48.0648,87.3502,48.2831
761,48.2440,87.1548,48.2974
762,48.4374,86.9836,48.2187
763,48.6591,86.8104,48.1567
764,48.8959,86.6107,48.2130
765,49.0804,86.4555,48.2392
766,49.2335,86.3270,48.2473
767,49.3261,86.2138,48.2438
768,49.4851,86.1836,48.2521
769,49.5998,86.2379,48.2743
770,49.6675,86.2537,48.3598
771,49.7727,86.1559,48.3871
772,49.9408,86.0628,48.3971
773,50.0652,85.9076,48.3423
774,50.2261,85.6714,48.2774
775,50.3234,85.4937,48.2300
776,50.3417,85.2698,48.2116
777,50.3571,85.1055,48.0035
778,50.3455,85.0065,47.8782
779,50.4241,84.8403,47.7794
780,50.5360,84.5888,47.7238
781,50.6873,84.4032,47.6837
782,50.8223,84.2372,47.5715
783,50.9693,84.0028,47.4357
784,51.0792,83.7819,47.3739
785,51.1900,83.6032,47.2127
786,51.2558,83.5320,47.1243
787,51.3274,83.9588,47.1815
788,51.2596,84.5377,47.2894
789,51.2351,85.1463,47.3773
790,51.2175,85.6557,47.4637
791,51.2064,85.9529,47.5516
792,51.2377,86.3122,47.6472
793,51.2313,86.7438,47.7546
794,51.2271,87.0918,47.7638
795,51.2280,87.2092,47.6719
796,51.2053,87.4320,47.6140
797,51.1229,87.8003,47.7089
798,51.0933,88.1466,47.7194
799,51.1588,88.3557,47.7274
800,51.2405,88.4458,47.7246
801,51.1849,88.6316,47.6378
802,51.0467,88.7775,47.5922
803,50.8805,88.8638,47.5631
804,50.8236,88.9330,47.4744
805,50.8044,89.2634,47.4888
806,50.8731,89.6517,47.5051
807,50.9138,90.0181,47.4319
808,51.0154,90.4304,47.5483
809,51.1999,90.7518,47.6374
810,51.3752,90.8375,47.6669
811,51.4788,91.0055,47.6738
812,51.4756,91.2496,47.7103
813,51.3877,91.6363,47.6728
814,51.3082,92.1566,47.7172
815,51.1513,92.7195,47.8006
816,50.9915,93.2450,47.8554
817,50.8697,93.8124,47.9467
818,50.9229,94.1272,47.9595
819,51.0182,94.2365,47.9877
820,51.0771,94.3273,47.8964
821,51.0935,94.3623,47.7607
822,51.0846,94.3192,47.6260
823,50.9075,94.5432,47.6007
824,50.7983,94.8219,47.6191
825,50.8288,95.3874,47.7248
826,50.8643,95.9073,47.8306
827,50.9082,96.2449,47.7864
828,50.9109,96.5468,47.8207
829,50.8672,96.9077,47.8825
830,50.8421,97.1410,47.8475
831,50.8483,97.3343,47.7631
832,50.8481,97.5331,47.8459
833,50.9467,97.9955,47.9013
834,51.0838,98.5711,47.9673
835,51.1014,99.0237,48.0309
836,51.0686,99.2694,48.1764
837,50.9794,99.6874,48.4019
838,50.9236,100.0465,48.5624
839,50.8685,100.3421,48.6391
840,50.7917,100.5825,48.7371
841,50.7434,100.8350,48.8212
842,50.7747,101.0956,48.8981
843,50.8111,101.4855,48.9230
844,50.7923,101.5938,48.9840
845,50.8427,101.6958,49.0302
846,50.9556,101.7944,49.0680
847,50.9600,101.9331,49.0702
848,50.9611,101.9021,49.2350
849,50.8594,101.7207,49.3703
850,50.7411,101.3585,49.3914
851,50.5721,100.9484,49.2434
852,50.3668,100.6563,49.1801
853,50.1610,100.4436,49.1321
854,50.0793,100.2722,49.1318
855,49.9866,100.2324,49.1837
856,49.9710,100.3257,49.2048
857,49.9417,100.3009,49.2363
858,49.8030,100.0592,49.2383
859,49.5996,99.7488,49.1229
860,49.5008,99.4102,49.0564
861,49.3822,99.1592,48.8903
862,49.2136,98.6823,48.7129
863,49.0919,98.3070,48.6614
864,48.9106,98.2075,48.7342
865,48.6776,98.1098,48.7669
866,48.4608,97.8143,48.6540
867,48.3706,97.6124,48.6952
868,48.2373,97.3625,48.6125
869,48.2006,97.0966,48.5746
870,48.1370,96.9364,48.5510
871,48.0549,96.7615,48.7079
872,48.0487,96.6296,48.7584
873,47.9595,96.7991,48.6933
874,47.7840,96.7547,48.6181
875,47.6997,96.6838,48.6010
876,47.5701,96.4681,48.5110
877,47.4521,96.2659,48.4394
878,47.2150,96.0530,48.4484
879,46.9454,95.8896,48.5956
880,46.7047,95.6184,48.6041
881,46.6502,95.2743,48.4162
882,46.6575,95.0432,48.4125
883,46.7864,94.8536,48.4764
884,46.8907,94.5490,48.3566
885,46.8513,94.2565,48.2574
886,46.6381,94.1862,48.2193
887,46.4053,94.1785,48.2029
888,46.1999,94.2197,48.3168
889,46.0580,94.1359,48.3595
890,45.9556,93.9495,48.3150
891,45.9380,93.7301,48.2639
892,45.8873,93.5257,48.2156
893,45.7967,93.2494,48.1878
894,45.5356,93.0082,48.1501
895,45.1900,92.9327,48.1407
896,44.9238,92.7061,48.0917
897,44.8085,92.4710,48.0018
898,44.6130,92.4001,47.9623
899,44.3699,92.3916,47.9445
900,44.1594,92.4938,47.9578
901,44.0152,92.4105,47.9317
902,43.9335,92.1970,47.8019
903,43.6732,92.0681,47.8725
904,43.3710,92.0329,47.8844
905,43.1531,91.8032,47.8041
906,42.9635,91.4840,47.7127
907,42.8680,91.3482,47.7472
908,42.7932,91.1750,47.6701
909,42.7058,91.1509,47.6038
910,42.6284,91.2636,47.6694
911,42.6653,91.3325,47.7104
912,42.7060,91.4824,47.7606
913,42.7297,91.6084,47.7992
914,42.7662,91.6122,47.8059
915,42.7245,91.5966,47.8808
916,42.7028,91.4959,47.8284
917,42.7127,91.3721,47.7445
918,42.7153,91.3892,47.7915
919,42.7167,91.4440,47.7921
920,42.7597,91.4859,47.7572
921,42.8042,91.6195,47.7619
922,42.7678,91.6903,47.7995
923,42.7690,91.6249,47.7973
924,42.7919,91.5584,47.7519
925,42.7215,91.5532,47.7314
926,42.7217,91.5147,47.7115
927,42.7220,91.4471,47.7273
928,42.7034,91.3425,47.6834
929,42.7145,91.2080,47.6407
930,42.7175,91.3076,47.6571
931,42.7187,91.3589,47.7030
932,42.8043,91.3189,47.7154
933,42.8355,91.2585,47.7140
934,42.8319,91.2940,47.7296
935,42.8082,91.3511,47.7469
936,42.7731,91.3850,47.7569
937,42.7529,91.3693,47.7545
938,42.7421,91.2878,47.7362
939,42.6917,91.3908,47.7220
940,42.6824,91.4085,47.7415
941,42.7401,91.3841,47.7461
942,42.7120,91.4129,47.7199
943,42.6952,91.4302,47.7042
944,42.6652,91.3597,47.7136
945,42.5847,91.3164,47.7181
946,42.6009,91.2277,47.6691
947,42.6975,91.0400,47.5716
948,42.7117,90.9904,47.5652
949,42.7173,91.1049,47.5950
950,42.8887,91.1041,47.5994
951,42.8840,91.2378,47.6696
952,42.8388,91.3089,47.7470
953,42.8137,91.3324,47.7129
954,42.7999,91.3188,47.6479
955,42.7710,91.2659,47.6362
956,42.7344,91.1172,47.6396
957,42.6275,91.1433,47.6292
958,42.5807,91.2951,47.6930
959,42.6347,91.3706,47.8051
960,42.6650,91.5241,47.8976
961,42.7041,91.5721,47.9811
962,42.7268,91.6369,48.0397
963,42.7425,91.6121,48.0219
964,42.7980,91.3815,47.9616
965,42.8314,91.1987,47.9531
966,42.7431,91.2592,48.0240
967,42.6270,91.2861,48.1014
968,42.6212,91.2756,48.1046
969,42.6171,91.2609,48.1426
970,42.5358,91.0344,48.1133
971,42.8608,91.0294,48.0562
972,43.2220,90.9761,48.0890
973,43.5009,90.8478,48.2013
974,43.7092,90.8075,48.2779
975,43.7929,90.8355,48.2593
976,43.7171,90.8336,48.3178
977,43.7165,90.7417,48.2564
978,43.7997,90.6434,48.2488
979,43.9781,90.4506,48.1771
980,44.2513,90.2846,48.2011
981,44.3479,90.3475,48.3284
982,44.5098,90.4313,48.3792
983,44.7104,90.5194,48.4201
984,44.8734,90.4478,48.4924
985,44.8718,90.2842,48.3919
986,44.9543,90.1429,48.3609
987,45.1276,90.0433,48.4169
988,45.3386,89.8409,48.4190
989,45.4463,89.6999,48.3392
990,45.4655,89.6531,48.4516
991,45.5393,89.6704,48.4927
992,45.7526,89.5308,48.5230
993,45.9285,89.2121,48.4111
994,46.1016,88.7694,48.2863
995,46.2870,88.5243,48.2936
996,46.4605,88.4228,48.2715
997,46.6061,88.4070,48.2315
998,46.6273,88.3905,48.3950
999,46.6826,88.4870,48.3664
1000,46.9019,88.5755,48.3975
1001,47.2429,88.4624,48.4948
1002,47.5802,88.0888,48.4079
1003,47.8466,87.7935,48.3401
1004,47.9018,87.5617,48.3612
1005,47.8902,87.6108,48.3789
1006,47.9252,87.5519,48.4457
1007,48.1551,87.5283,48.4538
1008,48.3968,87.6047,48.4055
1009,48.6234,87.6266,48.4863
1010,48.7840,87.4153,48.5208
1011,48.9247,87.2338,48.4534
1012,48.9887,86.9912,48.4955
1013,49.0930,86.7553,48.4247
1014,49.1784,86.5503,48.3297
1015,49.3363,86.2319,48.3049
1016,49.5163,86.0229,48.2111
1017,49.7864,86.1165,48.2086
1018,49.9483,86.0752,48.2984
1019,50.0690,85.9511,48.2915
1020,50.1622,85.8769,48.2877
1021,50.2205,85.6797,48.2879
1022,50.2623,85.3787,48.0933
1023,50.3514,85.0825,47.9886
1024,50.4707,84.8144,47.8297
1025,50.6463,84.6996,47.7087
1026,50.8300,84.8401,47.7243
1027,50.9582,85.0244,47.7954
1028,51.0585,85.1246,47.7218
1029,51.1812,85.1411,47.7066
1030,51.3023,84.9077,47.6034
1031,51.4229,84.5327,47.4113
1032,51.4952,84.3077,47.2960
1033,51.5571,84.3258,47.2248
1034,51.5488,84.5607,47.1957
1035,51.5373,84.9817,47.2815
1036,51.4405,85.5576,47.4071
1037,51.3981,86.1559,47.5417
1038,51.3712,86.5870,47.6393
1039,51.3155,86.7813,47.6441
1040,51.2415,86.9141,47.5741
1041,51.1517,87.2179,47.5456
1042,51.2001,87.5629,47.4921
1043,51.3272,87.9626,47.6207
1044,51.3165,88.3815,47.7382
1045,51.2034,88.8283,47.7766
1046,51.2146,89.2696,47.8794
1047,51.2634,89.5879,47.8782
1048,51.2330,89.6782,47.8150
1049,51.1556,89.6400,47.6784
1050,51.0859,89.8139,47.5660
1051,51.0808,90.0824,47.6135
1052,51.0734,90.4599,47.6925
1053,50.9859,90.7824,47.6469
1054,51.0139,91.0770,47.6824
1055,51.1732,91.3474,47.8040
1056,51.2692,91.5626,47.8132
1057,51.3107,91.5279,47.7042
1058,51.3140,91.5873,47.6191
1059,51.3764,91.6876,47.6222
1060,51.3677,91.9635,47.6737
1061,51.2099,92.5403,47.7220
1062,51.0710,93.0829,47.7201
1063,51.0488,93.4370,47.7647
1064,51.0720,93.9026,47.8511
1065,51.0427,94.2979,47.8913
1066,51.0680,94.5081,47.8718
1067,51.1692,94.5803,47.7728
1068,51.1452,94.6499,47.7562
1069,51.0625,94.9792,47.8123
1070,50.9643,95.5896,47.8655
1071,50.9884,96.0462,47.8438
1072,51.0862,96.3214,47.8324
1073,51.0988,96.7023,47.8752
1074,51.0430,97.0103,47.8804
1075,50.9865,97.3030,47.9083
1076,50.8908,97.4416,47.9154
1077,50.7715,97.5322,47.8824
1078,50.7588,97.7678,47.9058
1079,50.8715,98.1721,47.9452
1080,51.0223,98.4604,47.9428
1081,51.1329,98.6698,47.9502
1082,51.0498,98.9734,47.9938
1083,51.0132,99.3747,48.2234
1084,51.0092,99.7600,48.3953
1085,50.8802,100.1059,48.4851
1086,50.8030,100.2689,48.5666
1087,50.8549,100.4705,48.8316
1088,50.9661,100.8260,48.9705
1089,51.0348,101.0200,48.9733
1090,50.9501,101.2151,48.9533
1091,50.9149,101.4430,49.1196
1092,50.9962,101.6980,49.2106
1093,51.1263,101.9160,49.3197
1094,51.1642,101.9740,49.3676
1095,51.1064,101.7214,49.4800
1096,50.9914,101.4242,49.5122
1097,50.7612,101.0883,49.3779
1098,50.5862,100.5363,49.3291
1099,50.3406,99.9503,49.2380
1100,50.1528,99.6149,49.1104
1101,50.0185,99.4494,49.0419
1102,49.9769,99.5924,48.9438
1103,49.8278,99.6402,48.8741
1104,49.7006,99.3989,48.8447
1105,49.5621,99.1642,48.8811
1106,49.4161,98.9695,48.9655
1107,49.3337,98.6002,48.9572
1108,49.1227,98.1236,48.8901
1109,48.9539,97.8285,48.8851
1110,48.9152,97.7943,48.7642
1111,48.9717,97.9555,48.7355
1112,48.8822,97.9336,48.7265
1113,48.6818,97.8123,48.8457
1114,48.4329,97.9624,48.9292
1115,48.3017,98.1081,49.0686
1116,48.2488,97.9878,49.0661
1117,48.2632,97.6555,49.0427
1118,48.1751,97.0938,48.9425
1119,48.0674,96.4926,48.7056
1120,47.9417,96.0588,48.5455
1121,47.7817,95.8248,48.4922
1122,47.6032,95.6470,48.4502
1123,47.3919,95.5387,48.4229
1124,47.1578,95.5190,48.5295
1125,47.0195,95.3989,48.5682
1126,46.8983,95.0486,48.6399
1127,46.7707,94.5741,48.5062
1128,46.6160,94.0357,48.3655
1129,46.4401,93.6224,48.3348
1130,46.2060,93.5527,48.3559
1131,46.1273,93.5480,48.3782
1132,46.0822,93.4370,48.3663
1133,46.0512,93.6396,48.3460
1134,46.1142,93.7373,48.4436
1135,46.0731,93.5782,48.4500
1136,45.9039,93.4528,48.4066
1137,45.7229,93.1514,48.3644
1138,45.5349,92.7445,48.3231
1139,45.4038,92.4447,48.2090
1140,45.2000,92.1655,48.2294
1141,45.0783,92.0064,48.2055
1142,44.9863,91.8914,48.1103
1143,44.9527,91.7867,48.0452
1144,44.8284,91.7222,48.0040
1145,44.6082,91.6367,48.0041
1146,44.3761,91.4119,47.9240
1147,44.0086,91.2374,47.8629
1148,43.7244,91.1148,47.8972
1149,43.4728,90.9318,47.8909
1150,43.2190,90.7927,47.8405
1151,43.0048,90.7166,47.7730
1152,42.8354,90.6343,47.7233
1153,42.8169,90.6307,47.6675
1154,42.7614,90.7277,47.6944
1155,42.6842,90.8934,47.7350
1156,42.6386,90.9567,47.7509
1157,42.6315,90.9866,47.7970
1158,42.6271,91.0491,47.7969
1159,42.6669,91.0511,47.7893
1160,42.6512,90.9435,47.7587
1161,42.7057,90.8523,47.6971
1162,42.7162,90.8249,47.7042
1163,42.8057,90.8542,47.6825
1164,42.8573,90.9355,47.7223
1165,42.9098,90.9486,47.7382
1166,42.9191,91.0282,47.7642
1167,42.9683,91.0129,47.7277
1168,42.9569,90.9671,47.6966
1169,42.9510,90.8590,47.6971
1170,42.9087,90.6492,47.6630
1171,42.8157,90.7748,47.7002
1172,42.6729,91.0292,47.7628
1173,42.6297,91.1464,47.7929
1174,42.6231,91.2892,47.8281
1175,42.5767,91.4103,47.8568
1176,42.5911,91.4920,47.8388
1177,42.4794,91.2782,47.8028
1178,42.4927,91.2955,47.8164
1179,42.4821,91.1973,47.7990
1180,42.4534,91.2102,47.8049
1181,42.3737,91.2170,47.8072
1182,42.3912,91.1223,47.7486
1183,42.5050,91.1031,47.7238
1184,42.6130,91.1560,47.7627
1185,42.7213,91.1692,47.7063
1186,42.8056,91.2495,47.6897
1187,42.7723,91.2880,47.7142
1188,42.7962,91.2036,47.7044
1189,42.8321,91.1172,47.6906
1190,42.7897,91.1365,47.6979
1191,42.7643,91.1481,47.7023
1192,42.7483,91.1911,47.7133
1193,42.7171,91.2526,47.7279
1194,42.7832,91.2187,47.7215
1195,42.7581,91.3056,47.7417
1196,42.7210,91.3850,47.7978
1197,42.7195,91.4330,47.8319
1198,42.6554,91.4969,47.8595
1199,42.5952,91.6154,47.8565
1200,42.5821,91.5787,47.8298
1201,42.5944,91.5930,47.8226
1202,42.6026,91.5211,47.8376
1203,42.6728,91.3792,47.7865
1204,42.7365,91.2583,47.7478
1205,42.7291,91.2680,47.8572
1206,42.8102,91.1669,47.8993
1207,42.8596,91.0703,47.9161
1208,42.8660,91.1646,47.9234
1209,42.8897,91.1602,48.0279
1210,42.8824,91.1933,48.0986
1211,42.8989,91.1690,48.1691
1212,42.9323,91.0995,48.1229
1213,42.8884,91.1289,48.1108
1214,42.7773,91.2173,48.1186
1215,42.7508,91.1568,48.2877
1216,42.6732,91.0835,48.3794
1217,42.7959,90.9868,48.3489
1218,42.9770,90.8391,48.2352
1219,43.2106,90.7525,48.1695
1220,43.3492,90.6307,48.2660
1221,43.4794,90.4033,48.1744
1222,43.5144,90.3383,48.1355
1223,43.5731,90.3829,48.2464
1224,43.6915,90.4554,48.2869
1225,43.8495,90.3200,48.2708
1226,43.9663,90.0695,48.3361
1227,44.2316,89.6144,48.2312
1228,44.5567,89.3801,48.1800
1229,44.8554,89.1882,48.2150
1230,45.1005,88.9827,48.1400
1231,45.2447,89.0037,48.1285
1232,45.3477,89.1885,48.2002
1233,45.5723,89.3404,48.4076
1234,45.6260,89.3221,48.5051
1235,45.6227,89.1193,48.4042
1236,45.8493,88.9929,48.3842
1237,46.0026,89.0086,48.4700
1238,46.0960,88.9905,48.4770
1239,46.1128,88.7818,48.5105
1240,46.1445,88.6208,48.5226
1241,46.2270,88.5865,48.4313
1242,46.5448,88.5810,48.4985
1243,46.8001,88.4705,48.5148
1244,46.9354,88.2597,48.4905
1245,46.9965,88.0967,48.4672
1246,47.1976,88.1098,48.4817
1247,47.4029,88.0913,48.4476
1248,47.6793,87.6774,48.3735
1249,47.8488,87.2487,48.2871
1250,47.9712,87.0363,48.2080
1251,48.1456,86.9574,48.2876
1252,48.4176,86.8766,48.3302
1253,48.6258,86.7375,48.2593
1254,48.8553,86.5221,48.3018
1255,49.0339,86.4297,48.3365
1256,49.1617,86.4190,48.3301
1257,49.2194,86.2512,48.3643
1258,49.3380,86.1157,48.3781
1259,49.2856,86.0049,48.3394
1260,49.3151,86.0114,48.3343
1261,49.3730,86.0882,48.3488
1262,49.5120,86.0914,48.3873
1263,49.6192,85.9494,48.3771
1264,49.7058,85.7924,48.3546
1265,49.7406,85.5175,48.2987
1266,49.8277,85.1733,48.2243
1267,49.9230,84.8953,48.1637
1268,50.0443,84.7992,47.9927
1269,50.1394,84.6698,47.8737
1270,50.2386,84.6012,47.7671
1271,50.3818,84.4724,47.7601
1272,50.6164,84.2531,47.7251
1273,50.8829,84.0875,47.6982
1274,51.1509,83.9068,47.5507
1275,51.3595,83.6080,47.3044
1276,51.4861,83.3565,47.1398
1277,51.6003,83.2977,47.1392
1278,51.6212,83.5947,47.1777
1279,51.5208,84.2040,47.2996
1280,51.4149,84.8382,47.3586
1281,51.3916,85.2915,47.4117
1282,51.4334,85.8890,47.5205
1283,51.3293,86.4175,47.6613
1284,51.2290,86.6954,47.5840
1285,51.1710,86.7540,47.5123
1286,51.1112,86.9608,47.5471
1287,51.0095,87.3170,47.5450
1288,50.9240,87.7108,47.5853
1289,50.9964,87.9766,47.6565
1290,51.1414,88.3349,47.6712
1291,51.1608,88.8014,47.7377
1292,51.0057,89.1231,47.7466
1293,50.9575,89.2699,47.6277
1294,50.9070,89.3937,47.5644
1295,50.8726,89.5954,47.6322
1296,50.8710,89.8779,47.6348
1297,51.0360,90.0860,47.6481
1298,51.2584,90.2850,47.6753
1299,51.4299,90.5854,47.7345
1300,51.4249,90.9443,47.8100
1301,51.3579,91.2752,47.8433
1302,51.3588,91.6079,47.7811
1303,51.4822,91.9177,47.7715
1304,51.5945,92.1955,47.8639
1305,51.5542,92.6828,47.8403
1306,51.3590,93.1889,47.8733
1307,51.1814,93.4279,47.8390
1308,51.0090,93.6616,47.9145
1309,50.7993,93.9084,47.9829
1310,50.6744,94.1178,47.9242
1311,50.7242,94.3344,47.8362
1312,50.8552,94.6102,47.8191
1313,50.9325,94.8033,47.8533
1314,50.9166,95.0601,47.7535
1315,50.9256,95.3227,47.7193
1316,50.9505,95.5082,47.7437
1317,50.9408,95.8440,47.7723
1318,50.8711,96.1166,47.8050
1319,50.9549,96.2461,47.8187
1320,51.0840,96.5859,47.8514
1321,51.0521,97.0406,47.9278
1322,51.0104,97.4742,47.9347
1323,51.0658,97.8799,47.9742
1324,51.1593,98.2325,48.0243
1325,51.1713,98.5961,48.0512
1326,51.1315,98.9686,48.2167
1327,51.1039,99.3725,48.3580
1328,51.1512,99.5881,48.3996
1329,51.0511,99.8514,48.4917
1330,50.8861,100.0437,48.5534
1331,50.7603,100.3055,48.7763
1332,50.7032,100.6600,48.8803
1333,50.6682,100.9087,48.9511
1334,50.6682,101.1557,48.9027
1335,50.7038,101.4957,49.0331
1336,50.7445,101.7721,49.1286
1337,50.8101,101.8857,49.2504
1338,50.8322,101.8177,49.2534
1339,50.7680,101.4871,49.1862
1340,50.7088,101.0576,49.3199
1341,50.6317,100.7992,49.3992
1342,50.5705,100.3554,49.3791
1343,50.3942,99.8512,49.2332
1344,50.1823,99.6107,49.1965
1345,50.0098,99.6461,49.2157
1346,49.9451,99.8122,49.2616
1347,49.8264,99.7748,49.2179
1348,49.7381,99.5716,49.1491
1349,49.6672,99.3052,49.0739
1350,49.4814,98.9459,49.0559
1351,49.2723,98.4041,48.9673
1352,49.0296,97.6275,48.8830
1353,48.8007,97.1602,48.8307
1354,48.6604,97.0241,48.8330
1355,48.6594,96.9882,48.8083
1356,48.4920,97.0085,48.7626
1357,48.3097,96.9473,48.7167
1358,48.1578,96.9904,48.6690
1359,48.0000,97.0009,48.8640
1360,47.8068,96.7615,48.8840
1361,47.6172,96.1477,48.7850
1362,47.4852,95.7239,48.6363
1363,47.4053,95.5056,48.5555
1364,47.3980,95.3140,48.6076
1365,47.3124,95.1340,48.5843
1366,47.1755,95.1329,48.5939
1367,47.2588,95.3043,48.5284
1368,47.2847,95.4537,48.6137
1369,47.1998,95.3614,48.6208
1370,47.0757,94.8444,48.4780
1371,46.8572,94.3707,48.4279
1372,46.5408,93.9754,48.3689
1373,46.2491,93.6284,48.3063
1374,45.9919,93.4357,48.1949
1375,45.8986,93.3932,48.1461
1376,45.9021,93.3711,48.2707
1377,45.8852,93.3382,48.2646
1378,45.6661,93.3513,48.2651
1379,45.5628,92.9989,48.1818
1380,45.3983,92.6692,48.1406
1381,45.1769,92.3612,48.0881
1382,44.9811,92.1225,48.1192
1383,44.6753,92.0569,48.1148
1384,44.4487,92.0890,48.1282
1385,44.4852,91.8224,48.0722
1386,44.4842,91.7258,48.0911
1387,44.1482,91.7708,48.1211
1388,43.9710,91.6623,48.0698
1389,43.8453,91.5247,48.0218
1390,43.6218,91.5481,48.0153
1391,43.4712,91.3899,47.9329
1392,43.3586,91.3667,47.8999
1393,43.1466,91.2784,47.8603
1394,43.0016,91.0809,47.8026
1395,42.8112,90.9247,47.7574
1396,42.6142,90.8380,47.6926
1397,42.5190,90.6782,47.6289
1398,42.4396,90.6541,47.6071
1399,42.4538,90.6767,47.6037
1400,42.4831,90.6905,47.6020
1401,42.4575,90.7703,47.6170
1402,42.4206,90.8540,47.6340
1403,42.4840,90.7972,47.6207
1404,42.5423,90.7551,47.6491
1405,42.5549,90.8017,47.6826
1406,42.5625,90.8296,47.7027
1407,42.5662,90.9269,47.6955
1408,42.6287,91.0944,47.7176
1409,42.7295,91.1154,47.7514
1410,42.8109,91.1283,47.7721
1411,42.9185,91.3173,47.8278
1412,43.0476,91.3680,47.8095
1413,43.0611,91.4696,47.8142
1414,42.9859,91.5292,47.8153
1415,42.9632,91.4487,47.8272
1416,42.8668,91.4520,47.7690
1417,42.7888,91.4176,47.7253
1418,42.7250,91.1718,47.6842
1419,42.7499,90.9893,47.6524
1420,42.6175,90.9941,47.6196
1421,42.5806,90.9170,47.6200
1422,42.5794,90.8267,47.6483
1423,42.5778,90.8530,47.6460
1424,42.5798,90.7246,47.6110
1425,42.5988,90.7921,47.6241
1426,42.6512,90.8693,47.6412
1427,42.7881,90.8896,47.6090
1428,42.8668,90.9932,47.6870
1429,42.8485,91.2430,47.7386
1430,42.8591,91.3572,47.7616
1431,42.8009,91.4885,47.8270
1432,42.8298,91.5405,47.8230
1433,42.8696,91.4555,47.8319
1434,42.8524,91.4123,47.8003
1435,42.8004,91.3856,47.7805
1436,42.8331,91.2985,47.7531
1437,42.8095,91.3622,47.7249
1438,42.7530,91.4358,47.7156
1439,42.6775,91.4349,47.7369
1440,42.6337,91.3622,47.7328
1441,42.6498,91.2831,47.7228
1442,42.6840,91.0557,47.6752
1443,42.7453,91.0005,47.6282
1444,42.7196,90.9664,47.5987
1445,42.6810,90.9119,47.7249
1446,42.6577,90.9237,47.7729
1447,42.6422,91.0029,47.8186
1448,42.6344,90.9783,47.8292
1449,42.6459,91.0828,47.9777
1450,42.6498,91.2898,48.1005
1451,42.7798,91.3607,48.0877
1452,42.8140,91.4662,48.1321
1453,42.8770,91.4942,48.1511
1454,42.8504,91.5292,48.2419
1455,42.7941,91.5219,48.2510
1456,42.7832,91.4541,48.2040
1457,42.9034,91.2544,48.2168
1458,43.1239,91.0815,48.1384
1459,43.4000,91.0438,48.1471
1460,43.6092,90.8162,48.2194
1461,43.6486,90.7782,48.3223
1462,43.7139,90.7560,48.3849
1463,43.8599,90.6890,48.3356
1464,43.9501,90.5936,48.2171
1465,44.0703,90.3570,48.1052
1466,44.1636,90.1264,48.0937
1467,44.2988,90.1167,48.1943
1468,44.3591,90.1106,48.2542
1469,44.3755,89.9816,48.3366
1470,44.4491,89.8775,48.3429
1471,44.6601,89.7732,48.3776
1472,44.9774,89.6222,48.3047
1473,45.3330,89.6064,48.2812
1474,45.4638,89.5595,48.2570
1475,45.6235,89.4100,48.4437
1476,45.7623,89.4797,48.3653
1477,45.8441,89.5937,48.3352
1478,46.0633,89.3425,48.3974
1479,46.2200,89.0202,48.3570
1480,46.3579,88.6748,48.3360
1481,46.6497,88.4348,48.3191
1482,46.7622,88.3343,48.2801
1483,46.9326,88.2588,48.3309
1484,47.0570,88.1862,48.3173
1485,47.1950,88.0630,48.3297
1486,47.2972,88.0616,48.3543
1487,47.3787,88.0527,48.4055
1488,47.4090,87.9388,48.4106
1489,47.5142,87.6914,48.3733
1490,47.7219,87.5285,48.4259
1491,47.9693,87.5409,48.4852
1492,48.1207,87.4041,48.4872
1493,48.4019,87.1807,48.4584
1494,48.6344,87.0200,48.3979
1495,48.8962,86.9808,48.4530
1496,49.0145,86.8569,48.4240
1497,49.0877,86.6299,48.4090
1498,49.1122,86.4657,48.3551
1499,49.2299,86.3520,48.3970
1500,49.3873,86.1492,48.3541
1501,49.5055,85.8837,48.2951
1502,49.6217,85.5447,48.2185
1503,49.7958,85.2984,48.2022
1504,49.9839,85.2049,48.1304
1505,50.1598,85.0163,48.1715
1506,50.2694,84.7757,48.0904
1507,50.3369,84.6567,47.9336
1508,50.3783,84.5047,47.8587
1509,50.4668,84.4313,47.7429
1510,50.5832,84.3077,47.6939
1511,50.7379,84.1628,47.6494
1512,50.9132,84.1132,47.6327
1513,51.0385,84.1198,47.6315
1514,51.1158,84.0601,47.5779
1515,51.1847,84.0498,47.4380
1516,51.2699,83.9361,47.3296
1517,51.2764,84.0115,47.2974
1518,51.2090,84.4885,47.3778
1519,51.1846,85.1249,47.3939
1520,51.2303,85.5714,47.4577
1521,51.2757,85.9838,47.5300
1522,51.1951,86.4100,47.6134
1523,51.0832,86.7897,47.6152
1524,51.1209,86.9832,47.6100
1525,51.1429,87.1353,47.6153
1526,51.0928,87.2616,47.6257
1527,50.9970,87.5697,47.6089
1528,51.0386,88.0086,47.6598
1529,51.1673,88.3625,47.6371
1530,51.2396,88.7828,47.7100
1531,51.1564,89.1497,47.7405
1532,51.0636,89.3523,47.8300
1533,50.9887,89.5432,47.7475
1534,50.9206,89.8102,47.6951
1535,50.8569,90.0337,47.7162
1536,50.8990,90.3134,47.7641
1537,51.0277,90.5189,47.8033
1538,51.1858,90.7962,47.8261
1539,51.2159,91.1142,47.8361
1540,51.1686,91.4039,47.9021
1541,51.2019,91.6592,47.9238
1542,51.1993,91.9731,47.8978
1543,51.2003,92.1062,47.7933
1544,51.1980,92.3303,47.7643
1545,51.1073,92.7964,47.7848
1546,51.0068,93.2918,47.8467
1547,50.9908,93.5344,47.7958
1548,50.9587,93.7963,47.7540
1549,51.0012,93.9904,47.7385
1550,51.1690,94.2450,47.8018
1551,51.3132,94.3792,47.7601
1552,51.3609,94.3593,47.6730
1553,51.2832,94.4540,47.6439
1554,51.1445,94.8977,47.7533
1555,51.0991,95.4338,47.8065
1556,51.0685,95.9888,47.8168
1557,51.0058,96.4208,47.8834
1558,50.9222,96.8513,48.0007
1559,50.8682,97.3344,48.0854
1560,50.7286,97.8113,48.1402
1561,50.6276,97.9613,48.1029
1562,50.7529,98.1264,48.1011
1563,50.9922,98.4252,48.0732
1564,51.1342,98.7211,48.0457
1565,51.1143,98.9776,48.0078
1566,50.9726,99.2929,48.0968
1567,50.9060,99.4933,48.2672
1568,50.8621,99.8383,48.3838
1569,50.8157,100.0089,48.4450
1570,50.8296,100.1119,48.4825
1571,50.9985,100.3230,48.6946
1572,51.0134,100.6371,48.8262
1573,50.9811,100.8777,48.8406
1574,50.9150,101.2739,48.9073
1575,50.9143,101.5676,49.0371
1576,51.0778,101.8462,49.1796
1577,51.2384,101.9698,49.2939
1578,51.2543,101.9429,49.2996
1579,51.1228,101.6192,49.3050
1580,50.8575,101.2969,49.3514
1581,50.5538,101.0736,49.3319
1582,50.3961,100.7597,49.2785
1583,50.2434,100.3540,49.1948
1584,50.0906,100.0819,49.0989
1585,49.9975,99.9908,49.0582
1586,49.8992,99.9715,49.0413
1587,49.7605,99.8228,48.9598
1588,49.6196,99.3828,48.9422
1589,49.4754,99.0180,48.8691
1590,49.2657,98.6361,48.8613
1591,49.1426,98.3072,48.7953
1592,49.0712,97.9572,48.7581
1593,48.9024,97.8258,48.7141
1594,48.8406,97.8557,48.7137
1595,48.6339,97.8735,48.8629
1596,48.4896,97.8922,48.9159
1597,48.4467,97.8404,48.8956
1598,48.5031,97.7938,48.9572
1599,48.3936,97.6109,48.9937
1600,48.3324,97.2403,48.9929
1601,48.1767,96.8693,48.8035
1602,48.0193,96.7179,48.7055
1603,47.8852,96.4208,48.7121
1604,47.7450,96.1418,48.6534
1605,47.5164,95.9444,48.5709
1606,47.3598,95.7980,48.4765
1607,47.2253,95.5401,48.4936
1608,47.0659,95.1231,48.4794
1609,46.9130,94.7614,48.2917
1610,46.7619,94.3546,48.1719
1611,46.5660,94.0921,48.1701
1612,46.5128,93.9163,48.0897
1613,46.4995,93.9194,48.0671
1614,46.4048,94.0113,48.1492
1615,46.2660,94.0374,48.1524
1616,46.2255,93.9287,48.2020
1617,46.1391,93.9155,48.1669
1618,46.0023,93.8364,48.2799
1619,45.8434,93.5076,48.2428
1620,45.6441,93.2642,48.2461
1621,45.4838,93.0370,48.2665
1622,45.4277,92.9734,48.2964
1623,45.3099,93.0145,48.2934
1624,45.2392,93.0392,48.2916
1625,45.1376,92.8198,48.3110
1626,44.9528,92.7030,48.2480
1627,44.6975,92.6030,48.1629
1628,44.5459,92.4264,48.1226
1629,44.1858,92.1996,48.1039
1630,43.9309,91.9630,48.0306
1631,43.7207,91.7096,47.8075
1632,43.5317,91.5036,47.7361
1633,43.3554,91.3261,47.7557
1634,43.2104,91.2082,47.6501
1635,43.0814,91.0839,47.6496
1636,42.9451,90.8280,47.6060
1637,42.8210,90.7099,47.5874
1638,42.6191,90.8342,47.5437
1639,42.4757,90.9361,47.5616
1640,42.5554,90.9385,47.6754
1641,42.5598,91.0559,47.7320
1642,42.6255,91.1803,47.7035
1643,42.7060,91.2026,47.7509
1644,42.7754,91.1719,47.8074
1645,42.8979,91.3074,47.8406
1646,42.9302,91.4410,47.7959
1647,42.8629,91.6112,47.8648
1648,42.7616,91.6402,47.8881
1649,42.7861,91.5952,47.8508
1650,42.7606,91.4954,47.8108
1651,42.7448,91.4271,47.8229
1652,42.7983,91.3955,47.7953
1653,42.7462,91.4558,47.7579
1654,42.7179,91.3478,47.7018
1655,42.7011,91.2384,47.6958
1656,42.5656,91.3043,47.6067
1657,42.4844,91.2994,47.5809
1658,42.3951,91.1707,47.6116
1659,42.4263,91.0227,47.6148
1660,42.4257,90.8615,47.5994
1661,42.4869,90.8462,47.5723
1662,42.4993,90.9726,47.6252
1663,42.4466,90.8948,47.6582
1664,42.5381,91.0111,47.6420
1665,42.4841,91.2428,47.7443
1666,42.4710,91.4542,47.8230
1667,42.5882,91.5830,47.8726
1668,42.6583,91.7048,47.8748
1669,42.7643,91.7067,47.8605
1670,42.9320,91.7095,47.8540
1671,42.9277,91.7901,47.8288
1672,42.9265,91.7663,47.7968
1673,42.9072,91.6436,47.7520
1674,42.8340,91.4884,47.7431
1675,42.8102,91.4316,47.7466
1676,42.7563,91.3332,47.6950
1677,42.7470,91.1664,47.6393
1678,42.7615,91.1026,47.6146
1679,42.7897,91.0923,47.6447
1680,42.7417,91.2823,47.6314
1681,42.7338,91.3522,47.6516
1682,42.7293,91.3496,47.6913
1683,42.6834,91.4195,47.7311
1684,42.6975,91.4621,47.7558
1685,42.7067,91.4516,47.7622
1686,42.7110,91.4730,47.8106
1687,42.7997,91.3428,47.8076
1688,42.8521,91.3453,47.7865
1689,42.8175,91.4816,47.8424
1690,42.7962,91.5550,47.9119
1691,42.8267,91.4831,47.9653
1692,42.8236,91.4312,48.0330
1693,42.8007,91.4442,48.0456
1694,42.7461,91.4153,48.0439
1695,42.7341,91.3983,48.0433
1696,42.7493,91.3163,48.0265
1697,42.7800,91.1868,48.0361
1698,42.6715,91.1709,48.0922
1699,42.6103,91.0784,47.9925
1700,42.7171,90.9916,48.0798
1701,42.9052,91.0220,48.1155
1702,43.1640,90.9980,48.1674
1703,43.3215,90.8754,48.1733
1704,43.4800,90.7308,48.1613
1705,43.6356,90.6642,48.2358
1706,43.7896,90.6444,48.3623
1707,43.8419,90.7016,48.3016
1708,43.8963,90.6281,48.2403
1709,44.1556,90.5984,48.3247
1710,44.4555,90.6550,48.3950
1711,44.6785,90.6175,48.4212
1712,44.7729,90.4861,48.4109
1713,44.7670,90.4064,48.4035
1714,44.7860,90.2422,48.4102
1715,45.1769,89.8443,48.4266
1716,45.2890,89.5927,48.3174
1717,45.4410,89.3710,48.2366
1718,45.6559,89.2676,48.2352
1719,45.9077,89.2712,48.2896
1720,46.0186,89.2006,48.3047
1721,46.0246,88.9517,48.3786
1722,45.8836,88.8168,48.3479
1723,45.9663,88.7025,48.3244
1724,46.2674,88.5657,48.2985
1725,46.5939,88.4415,48.3134
1726,46.7281,88.3299,48.3128
1727,46.8274,88.3269,48.3657
1728,46.9464,88.5149,48.4046
1729,47.1415,88.6128,48.5026
1730,47.3858,88.5653,48.5386
1731,47.6188,88.3494,48.5559
1732,47.7213,88.0028,48.5150
1733,47.9098,87.7332,48.4401
1734,48.0203,87.6266,48.4841
1735,48.0873,87.5267,48.5020
1736,48.1523,87.3841,48.3798
1737,48.2949,87.2917,48.3446
1738,48.5034,87.2575,48.4065
1739,48.7587,86.9865,48.3873
1740,49.0196,86.6453,48.3357
1741,49.1793,86.2518,48.2988
1742,49.3200,85.9695,48.1525
1743,49.4214,85.8388,48.2262
1744,49.4406,85.7598,48.2696
1745,49.5375,85.6500,48.2444
1746,49.6357,85.7014,48.2193
1747,49.8180,85.8063,48.2235
1748,49.9485,85.8251,48.2541
1749,50.0703,85.6315,48.3394
1750,50.1047,85.3704,48.3561
1751,50.1493,85.1672,48.2416
1752,50.2382,85.1797,48.0911
1753,50.3985,85.0446,47.9693
1754,50.5178,84.8557,47.8714
1755,50.6738,84.7605,47.7422
1756,50.8277,84.8125,47.6911
1757,50.9639,84.7362,47.6361
1758,51.0909,84.5108,47.5618
1759,51.1909,84.2316,47.4840
1760,51.2950,84.0540,47.3216
1761,51.3785,83.9032,47.2522
1762,51.3822,84.1175,47.2049
1763,51.3177,84.4169,47.2534
1764,51.3366,84.9474,47.2512
1765,51.4063,85.3941,47.3569
1766,51.4652,85.8872,47.4351
1767,51.3557,86.2421,47.3794
1768,51.2246,86.5983,47.3783
1769,51.2074,86.7517,47.4787
1770,51.1743,87.0490,47.4724
1771,51.0251,87.4417,47.5166
1772,51.0164,87.8759,47.5147
1773,51.1306,88.3379,47.6386
1774,51.2570,88.8769,47.7369
1775,51.2278,89.2792,47.7747
1776,51.1468,89.6446,47.7492
1777,51.0568,89.7743,47.7883
1778,51.0235,89.8969,47.7846
1779,50.9836,90.0759,47.6545
1780,51.0637,90.1850,47.5785
1781,51.2148,90.2352,47.6071
1782,51.3625,90.6077,47.6291
1783,51.4065,90.9748,47.6751
1784,51.5763,91.3501,47.7031
1785,51.6372,91.5830,47.6831
1786,51.6729,91.7588,47.6794
1787,51.6070,91.9904,47.7814
1788,51.5451,92.3875,47.7123
1789,51.5495,92.6709,47.6440
1790,51.4660,92.9394,47.6626
1791,51.2641,93.4311,47.7105
1792,51.1430,93.7262,47.7393
1793,51.0484,94.0279,47.7092
1794,51.0281,94.3202,47.8699
1795,50.9943,94.5313,47.9743
1796,50.9541,94.7634,47.9091
1797,50.9261,95.1275,47.8844
1798,50.8871,95.4178,47.8859
1799,50.8844,95.5922,47.8873
1800,50.8359,95.9932,47.9185
1801,50.8448,96.4147,47.9801
